local;estacao;patrimonio;item_informado;tipo;fabricante;modelo;numero_serie;status_importacao;observacoes
T.I;Auxiliar TI;1367;Mouse 1367 modelo ms116t1;Mouse;Dell Inc.;Mouse Dell MS116;;OK;"Levantamento atual: T.I / Auxiliar TI.; Item informado: Mouse 1367 modelo ms116t1.; Nome GLPI: MOUSE 1367.; Referencia GLPI desatualizada: grupo=T.i; usuario=-.; Origem GLPI: glpi (11).csv."
T.I;Auxiliar TI;1019;Teclado 1019 Kb4021;Teclado;Dell Inc.;DELL - Teclado USB KB-4021;;OK;"Levantamento atual: T.I / Auxiliar TI.; Item informado: Teclado 1019 Kb4021.; Nome GLPI: TECLADO 1019.; Referencia GLPI desatualizada: grupo=T.i; usuario=-.; Origem GLPI: glpi (11).csv."
T.I;Auxiliar TI;0004;Monitor 0004 E178wfp;Monitor;Dell Inc.;DELL E178WFP;;OK;"Levantamento atual: T.I / Auxiliar TI.; Item informado: Monitor 0004 E178wfp.; Nome GLPI: DELL 0004.; Referencia GLPI desatualizada: grupo=Aton - 8° Andar - BBS Docs; usuario=-.; Origem GLPI: glpi (9).csv."
T.I;Auxiliar TI;0103;Monitor 0103 E178wfp;Monitor;;;;REVISAO;"Levantamento atual: T.I / Auxiliar TI.; Item informado: Monitor 0103 E178wfp.; Nome GLPI: Monitor 0103 E178wfp.; Revisar: patrimonio nao localizado nas planilhas GLPI fornecidas; descricao baseada no levantamento manual."
T.I;Gabriel;0115;Monitor 0115 Philips 170s;Monitor;Philips Consumer Electronics Company;Philips 170S;;OK;"Levantamento atual: T.I / Gabriel.; Item informado: Monitor 0115 Philips 170s.; Nome GLPI: Philips 0115.; Referencia GLPI desatualizada: grupo=T.i; usuario=-.; Origem GLPI: glpi (9).csv."
T.I;Gabriel;1398;Dell 1398 SE2216H;Monitor;Dell Inc.;DELL SE2216H;;OK;"Levantamento atual: T.I / Gabriel.; Item informado: Dell 1398 SE2216H.; Nome GLPI: DELL 1398.; Referencia GLPI desatualizada: grupo=T.i; usuario=-.; Origem GLPI: glpi (9).csv."
T.I;Gabriel;1212;Mouse 1212 Ms116;Mouse;Dell Inc.;Mouse Dell MS116;;OK;"Levantamento atual: T.I / Gabriel.; Item informado: Mouse 1212 Ms116.; Nome GLPI: MOUSE 1212.; Referencia GLPI desatualizada: grupo=T.i; usuario=-.; Origem GLPI: glpi (11).csv."
T.I;Gabriel;1072;Teclado 1072 Kb4021;Teclado;Dell Inc.;DELL - Teclado USB KB-4021;;OK;"Levantamento atual: T.I / Gabriel.; Item informado: Teclado 1072 Kb4021.; Nome GLPI: TECLADO 1072.; Referencia GLPI desatualizada: grupo=T.i; usuario=-.; Origem GLPI: glpi (11).csv."
T.I;Gabriel;1785;Mouse para notebook 1785 Ms116;Mouse;Dell Inc.;Mouse Dell MS116;;OK;"Levantamento atual: T.I / Gabriel.; Item informado: Mouse para notebook 1785 Ms116.; Nome GLPI: MOUSE 1785.; Referencia GLPI desatualizada: grupo=T.i; usuario=-.; Origem GLPI: glpi (11).csv."
T.I;Mesa para manuten??o;1343;Mouse 1343 Ms116;Mouse;Dell Inc.;Mouse Dell MS116;;OK;"Levantamento atual: T.I / Mesa para manuten??o.; Item informado: Mouse 1343 Ms116.; Nome GLPI: MOUSE 1343.; Referencia GLPI desatualizada: grupo=T.i; usuario=-.; Origem GLPI: glpi (11).csv."
T.I;Mesa para manuten??o;1286;Teclado 1286 kb216;Teclado;Dell Inc.;DELL - Teclado USB KB-216;;OK;"Levantamento atual: T.I / Mesa para manuten??o.; Item informado: Teclado 1286 kb216.; Nome GLPI: TECLADO 1286.; Referencia GLPI desatualizada: grupo=T.i; usuario=-.; Origem GLPI: glpi (11).csv."
T.I;Mesa para manuten??o;0040;Monitor 0040 E178Wfp;Monitor;Dell Inc.;DELL E178WFP;;OK;"Levantamento atual: T.I / Mesa para manuten??o.; Item informado: Monitor 0040 E178Wfp.; Nome GLPI: DELL E178WFP 0040.; Referencia GLPI desatualizada: grupo=Armario T.i; usuario=-.; Origem GLPI: glpi (9).csv."
Livros;Jessica;1370;Pc 1370;Desktop;Dell Inc.;Vostro 3470;;OK;"Levantamento atual: Livros / Jessica.; Item informado: Pc 1370.; Nome GLPI: PC-1370.; Processador: Intel Core i5-9400 CPU @ 2.90GHz.; Sistema operacional: Microsoft Windows 10 Pro.; Referencia GLPI desatualizada: grupo=Livros; usuario=-.; Origem GLPI: glpi (8).csv."
Livros;Jessica;1885;Headset 1885;Headset;Zox Telecom;DH-80;;OK;"Levantamento atual: Livros / Jessica.; Item informado: Headset 1885.; Nome GLPI: HEADSET ZOX 1885.; Referencia GLPI desatualizada: grupo=Livros; usuario=-.; Origem GLPI: glpi (11).csv."
Livros;Jessica;1246;Teclado 1246;Teclado;Dell Inc.;DELL - Teclado USB KB-216;;OK;"Levantamento atual: Livros / Jessica.; Item informado: Teclado 1246.; Nome GLPI: TECLADO 1246.; Referencia GLPI desatualizada: grupo=Livros; usuario=-.; Origem GLPI: glpi (11).csv."
Livros;Jessica;1936;Mouse 1936;Mouse;;;;REVISAO;"Levantamento atual: Livros / Jessica.; Item informado: Mouse 1936.; Nome GLPI: Mouse 1936.; Revisar: patrimonio nao localizado nas planilhas GLPI fornecidas; descricao baseada no levantamento manual."
Livros;Jessica;0195;Monitor 0195;Monitor;Samsung Electric Company;Syncmaster 540 N (LCD);;OK;"Levantamento atual: Livros / Jessica.; Item informado: Monitor 0195.; Nome GLPI: SAMSUNG 0195.; Referencia GLPI desatualizada: grupo=Livros; usuario=-.; Origem GLPI: glpi (9).csv."
Livros;Jessica;1086;Monitor 1086;Monitor;Dell Inc.;DELL E1913;;OK;"Levantamento atual: Livros / Jessica.; Item informado: Monitor 1086.; Nome GLPI: DELL 1086.; Referencia GLPI desatualizada: grupo=Livros; usuario=-.; Origem GLPI: glpi (9).csv."
Livros;Jessica;1899;Scanner 1899;Scanner;Canon Electronics, Inc.;CANON DR-C240;;OK;"Levantamento atual: Livros / Jessica.; Item informado: Scanner 1899.; Nome GLPI: CANON DR-C240 1899.; Referencia GLPI desatualizada: grupo=Livros; usuario=-.; Origem GLPI: glpi (12).csv."
Livros;Jessica;1874;Switch livros 1874;Switch;Tplink;TPLINK LS108G;;OK;"Levantamento atual: Livros / Jessica.; Item informado: Switch livros 1874.; Nome GLPI: SWITCH 1874.; Referencia GLPI desatualizada: grupo=Livros; usuario=-.; Origem GLPI: glpi (10).csv."
Reconhecimento;Robson;0112;Monitor 112;Monitor;;;;REVISAO;"Levantamento atual: Reconhecimento / Robson.; Item informado: Monitor 112.; Nome GLPI: Monitor 112.; Revisar: patrimonio nao localizado nas planilhas GLPI fornecidas; descricao baseada no levantamento manual."
Reconhecimento;Robson;1274;Mouse 1274;Mouse;Dell Inc.;WIRELESS MOBILE MOUSE 1000;;OK;"Levantamento atual: Reconhecimento / Robson.; Item informado: Mouse 1274.; Nome GLPI: MOUSE 1274.; Referencia GLPI desatualizada: grupo=Reconhecimento; usuario=-.; Origem GLPI: glpi (11).csv."
Reconhecimento;Robson;1457;Teclado 1457;Teclado;Dell Inc.;DELL - Teclado USB KB-216;;OK;"Levantamento atual: Reconhecimento / Robson.; Item informado: Teclado 1457.; Nome GLPI: TECLADO 1457.; Referencia GLPI desatualizada: grupo=Reconhecimento; usuario=-.; Origem GLPI: glpi (11).csv."
Reconhecimento;Robson;1884;Scanner 1884;Scanner;Brother;ADS 1250W;;OK;"Levantamento atual: Reconhecimento / Robson.; Item informado: Scanner 1884.; Nome GLPI: ADS 1250W 1884.; Referencia GLPI desatualizada: grupo=Reconhecimento; usuario=-.; Origem GLPI: glpi (12).csv."
Reconhecimento;Robson;1060;Epson 1060;Impressora;Seiko Epson Corp.;;;OK;"Levantamento atual: Reconhecimento / Robson.; Item informado: Epson 1060.; Nome GLPI: IMPRESSORA TM-T20 - 1060.; Referencia GLPI desatualizada: grupo=Reconhecimento; usuario=-.; Origem GLPI: glpi (11).csv."
Reconhecimento;Robson;1707;Argox 1707;Impressora de etiquetas;;;;OK;"Levantamento atual: Reconhecimento / Robson.; Item informado: Argox 1707.; Nome GLPI: ARGOX 1707.; Referencia GLPI desatualizada: grupo=Reconhecimento; usuario=-.; Origem GLPI: glpi (12).csv."
Reconhecimento;Robson;1407;Webcam do Robson 1407;Webcam;Logitech, Inc.;;;OK;"Levantamento atual: Reconhecimento / Robson.; Item informado: Webcam do Robson 1407.; Nome GLPI: C920 PRO HD Webcam - 1407.; Referencia GLPI desatualizada: grupo=Reconhecimento; usuario=-.; Origem GLPI: glpi (11).csv."
Reconhecimento;Robson;1318;Biometria Robson 1318;Biometria;;;;REVISAO;"Levantamento atual: Reconhecimento / Robson.; Item informado: Biometria Robson 1318.; Nome GLPI: Biometria Robson 1318.; Revisar: patrimonio nao localizado nas planilhas GLPI fornecidas; descricao baseada no levantamento manual."
Reconhecimento;Robson;1291;Robson vostro 1291;Desktop;Dell Inc.;Vostro 3470;;OK;"Levantamento atual: Reconhecimento / Robson.; Item informado: Robson vostro 1291.; Nome GLPI: PC-1291.; Processador: Intel Core i5-8400 CPU @ 2.80GHz.; Sistema operacional: Microsoft Windows 10 Pro.; Referencia GLPI desatualizada: grupo=Reconhecimento; usuario=-.; Origem GLPI: glpi (8).csv."
Reconhecimento;Jo?o;1708;Argox 1708;Impressora de etiquetas;;;;OK;"Levantamento atual: Reconhecimento / Jo?o.; Item informado: Argox 1708.; Nome GLPI: ARGOX 1708.; Referencia GLPI desatualizada: grupo=Procuração; usuario=-.; Origem GLPI: glpi (12).csv."
Reconhecimento;Jo?o;1093;Mouse 1093;Mouse;Dell Inc.;Mouse Dell MS111l;;OK;"Levantamento atual: Reconhecimento / Jo?o.; Item informado: Mouse 1093.; Nome GLPI: MOUSE 1093.; Referencia GLPI desatualizada: grupo=Caixa 4; usuario=-.; Origem GLPI: glpi (11).csv."
Reconhecimento;Jo?o;1467;Teclado 1467;Teclado;Dell Inc.;DELL - Teclado USB KB-216;;OK;"Levantamento atual: Reconhecimento / Jo?o.; Item informado: Teclado 1467.; Nome GLPI: TECLADO 1467.; Referencia GLPI desatualizada: grupo=Reconhecimento; usuario=-.; Origem GLPI: glpi (11).csv."
Reconhecimento;Jo?o;0760;Scanner 0760;Scanner;Avision;BS - 0610S;;OK;"Levantamento atual: Reconhecimento / Jo?o.; Item informado: Scanner 0760.; Nome GLPI: Scanner Avision AVA6 Plus 0760.; Referencia GLPI desatualizada: grupo=Reconhecimento; usuario=-.; Origem GLPI: glpi (12).csv."
Reconhecimento;Jo?o;1090;Monitor 1090;Monitor;Dell Inc.;DELL E1913;;OK;"Levantamento atual: Reconhecimento / Jo?o.; Item informado: Monitor 1090.; Nome GLPI: DELL 1090.; Referencia GLPI desatualizada: grupo=Reconhecimento; usuario=-.; Origem GLPI: glpi (9).csv."
Reconhecimento;Jo?o;1062;Epson 1062;Impressora;EPSON;EPSON TM-T20;;OK;"Levantamento atual: Reconhecimento / Jo?o.; Item informado: Epson 1062.; Nome GLPI: EPSON TM-T20 1062.; Referencia GLPI desatualizada: grupo=Reconhecimento; usuario=-.; Origem GLPI: glpi (12).csv."
Reconhecimento;Jo?o;1415;Webcam 1415;Webcam;Logitech, Inc.;C920 PRO HD;;OK;"Levantamento atual: Reconhecimento / Jo?o.; Item informado: Webcam 1415.; Nome GLPI: Webcam 1415.; Referencia GLPI desatualizada: grupo=Reconhecimento; usuario=-.; Origem GLPI: glpi (11).csv."
Reconhecimento;Jo?o;1512;Biometria joao 1512;Biometria;;;;REVISAO;"Levantamento atual: Reconhecimento / Jo?o.; Item informado: Biometria joao 1512.; Nome GLPI: Biometria joao 1512.; Revisar: patrimonio nao localizado nas planilhas GLPI fornecidas; descricao baseada no levantamento manual."
Reconhecimento;Jo?o;1166;Joao 1166;Desktop;Dell Inc.;Inspiron 3647;;OK;"Levantamento atual: Reconhecimento / Jo?o.; Item informado: Joao 1166.; Nome GLPI: PC-1166.; Processador: Intel Core i5-4460S CPU @ 2.90GHz.; Sistema operacional: Microsoft Windows 10 Pro.; Referencia GLPI desatualizada: grupo=Reconhecimento; usuario=-.; Origem GLPI: glpi (8).csv."
Reconhecimento;Ana Alice;1338;Ana Alice vostro 1338;Desktop;Dell Inc.;Vostro 3470;;OK;"Levantamento atual: Reconhecimento / Ana Alice.; Item informado: Ana Alice vostro 1338.; Nome GLPI: PC-1338.; Processador: Intel Core i5-9400 CPU @ 2.90GHz.; Sistema operacional: Microsoft Windows 10 Pro.; Referencia GLPI desatualizada: grupo=Reconhecimento; usuario=-.; Origem GLPI: glpi (8).csv."
Reconhecimento;Ana Alice;1345;Ana Alice mouse 1345;Mouse;Dell Inc.;Mouse Dell MS116;;OK;"Levantamento atual: Reconhecimento / Ana Alice.; Item informado: Ana Alice mouse 1345.; Nome GLPI: MOUSE 1345.; Referencia GLPI desatualizada: grupo=Reconhecimento; usuario=-.; Origem GLPI: glpi (11).csv."
Reconhecimento;Ana Alice;1853;Teclado 1853;Teclado;Dell Inc.;DELL - Teclado USB KB-216;;OK;"Levantamento atual: Reconhecimento / Ana Alice.; Item informado: Teclado 1853.; Nome GLPI: TECLADO 1853.; Referencia GLPI desatualizada: grupo=Reconhecimento; usuario=-.; Origem GLPI: glpi (11).csv."
Reconhecimento;Ana Alice;0729;Scanner 0729;Scanner;Avision;AVA6;;OK;"Levantamento atual: Reconhecimento / Ana Alice.; Item informado: Scanner 0729.; Nome GLPI: SCANNER 0729.; Referencia GLPI desatualizada: grupo=Reconhecimento; usuario=-.; Origem GLPI: glpi (11).csv."
Reconhecimento;Ana Alice;1308;Argox 1308;Impressora de etiquetas;;;;OK;"Levantamento atual: Reconhecimento / Ana Alice.; Item informado: Argox 1308.; Nome GLPI: ARGOX 1308.; Referencia GLPI desatualizada: grupo=Reconhecimento; usuario=-.; Origem GLPI: glpi (12).csv."
Reconhecimento;Ana Alice;1305;Epson 1305;Impressora;Seiko Epson Corp.;;;OK;"Levantamento atual: Reconhecimento / Ana Alice.; Item informado: Epson 1305.; Nome GLPI: IMPRESSORA TM-T20 - 1305.; Referencia GLPI desatualizada: grupo=Reconhecimento; usuario=-.; Origem GLPI: glpi (11).csv."
Reconhecimento;Ana Alice;1944;Monitor ana alice 1944;Monitor;;;;REVISAO;"Levantamento atual: Reconhecimento / Ana Alice.; Item informado: Monitor ana alice 1944.; Nome GLPI: Monitor ana alice 1944.; Revisar: patrimonio nao localizado nas planilhas GLPI fornecidas; descricao baseada no levantamento manual."
Reconhecimento;Ana Alice;1945;Webcam ana alice 1945;Webcam;;;;REVISAO;"Levantamento atual: Reconhecimento / Ana Alice.; Item informado: Webcam ana alice 1945.; Nome GLPI: Webcam ana alice 1945.; Revisar: patrimonio nao localizado nas planilhas GLPI fornecidas; descricao baseada no levantamento manual."
Reconhecimento;Ana Alice;1511;Biometria ana alice 1511;Biometria;;;;REVISAO;"Levantamento atual: Reconhecimento / Ana Alice.; Item informado: Biometria ana alice 1511.; Nome GLPI: Biometria ana alice 1511.; Revisar: patrimonio nao localizado nas planilhas GLPI fornecidas; descricao baseada no levantamento manual."
Reconhecimento;Rafaela;1289;Rafaela vostro 1289;Desktop;Dell Inc.;Vostro 3470;;OK;"Levantamento atual: Reconhecimento / Rafaela.; Item informado: Rafaela vostro 1289.; Nome GLPI: PC- 1289.; Processador: Intel Core i5-8400 CPU @ 2.80GHz.; Sistema operacional: Microsoft Windows 10 Pro.; Referencia GLPI desatualizada: grupo=Reconhecimento; usuario=-.; Origem GLPI: glpi (8).csv."
Reconhecimento;Rafaela;1100;Teclado 1100;Teclado;Dell Inc.;DELL - Teclado USB KB-216;;OK;"Levantamento atual: Reconhecimento / Rafaela.; Item informado: Teclado 1100.; Nome GLPI: TECLADO 1100.; Referencia GLPI desatualizada: grupo=Caixa 4; usuario=-.; Origem GLPI: glpi (11).csv."
Reconhecimento;Rafaela;1349;Mouse 1349 etiqueta ruim;Mouse;Dell Inc.;Mouse Dell MS116;;OK;"Levantamento atual: Reconhecimento / Rafaela.; Item informado: Mouse 1349 etiqueta ruim.; Nome GLPI: MOUSE 1349.; Referencia GLPI desatualizada: grupo=Reconhecimento; usuario=-.; Origem GLPI: glpi (11).csv.; Revisar etiqueta/identificacao fisica: observacao registrada no levantamento."
Reconhecimento;Rafaela;1054;Epson 1054;Impressora;EPSON;;;OK;"Levantamento atual: Reconhecimento / Rafaela.; Item informado: Epson 1054.; Nome GLPI: EPSON TM-T20 1054.; Referencia GLPI desatualizada: grupo=Reconhecimento; usuario=-.; Origem GLPI: glpi (12).csv."
Reconhecimento;Rafaela;1311;Scanner 1311;Scanner;Avision;AVA6;;OK;"Levantamento atual: Reconhecimento / Rafaela.; Item informado: Scanner 1311.; Nome GLPI: Scanner Avision AVA6 Plus 1311.; Referencia GLPI desatualizada: grupo=Reconhecimento; usuario=-.; Origem GLPI: glpi (11).csv."
Reconhecimento;Rafaela;1309;Argox 1309;Impressora de etiquetas;;;;OK;"Levantamento atual: Reconhecimento / Rafaela.; Item informado: Argox 1309.; Nome GLPI: ARGOX 1309.; Referencia GLPI desatualizada: grupo=Reconhecimento; usuario=-.; Origem GLPI: glpi (12).csv."
Reconhecimento;Rafaela;0135;Monitor 0135;Monitor;LG Display;W1752;;OK;"Levantamento atual: Reconhecimento / Rafaela.; Item informado: Monitor 0135.; Nome GLPI: LG 0135.; Referencia GLPI desatualizada: grupo=Reconhecimento; usuario=-.; Origem GLPI: glpi (9).csv."
Reconhecimento;Rafaela;1417;Webcam 1417;Webcam;Microsoft;C920 PRO HD;;OK;"Levantamento atual: Reconhecimento / Rafaela.; Item informado: Webcam 1417.; Nome GLPI: Webcam 1417.; Referencia GLPI desatualizada: grupo=Reconhecimento; usuario=-.; Origem GLPI: glpi (11).csv."
Reconhecimento;Rafaela;1317;Biometria Rafaela 1317;Biometria;;;;REVISAO;"Levantamento atual: Reconhecimento / Rafaela.; Item informado: Biometria Rafaela 1317.; Nome GLPI: Biometria Rafaela 1317.; Revisar: patrimonio nao localizado nas planilhas GLPI fornecidas; descricao baseada no levantamento manual."
Reconhecimento;Igor;1290;Igor pc emprestado da Camila vostro 1290;Desktop;Dell Inc.;Vostro 3470;;OK;"Levantamento atual: Reconhecimento / Igor.; Item informado: Igor pc emprestado da Camila vostro 1290.; Nome GLPI: PC-1290.; Processador: Intel Core i5-8400 CPU @ 2.80GHz.; Sistema operacional: Microsoft Windows 10 Pro.; Referencia GLPI desatualizada: grupo=Aton - 8° Andar - BBS Docs; usuario=-.; Origem GLPI: glpi (8).csv."
Reconhecimento;Igor;1301;Argox 1301;Impressora de etiquetas;;;;OK;"Levantamento atual: Reconhecimento / Igor.; Item informado: Argox 1301.; Nome GLPI: ARGOX 1301.; Referencia GLPI desatualizada: grupo=Reconhecimento; usuario=-.; Origem GLPI: glpi (12).csv."
Reconhecimento;Igor;1867;Teclado 1867;Teclado;Dell Inc.;DELL - Teclado USB KB-216;;OK;"Levantamento atual: Reconhecimento / Igor.; Item informado: Teclado 1867.; Nome GLPI: TECLADO 1867.; Referencia GLPI desatualizada: grupo=Reconhecimento; usuario=-.; Origem GLPI: glpi (11).csv."
Reconhecimento;Igor;1480;Mouse 1480;Mouse;Dell Inc.;Mouse Dell MS116;;OK;"Levantamento atual: Reconhecimento / Igor.; Item informado: Mouse 1480.; Nome GLPI: MOUSE 1480.; Referencia GLPI desatualizada: grupo=Reconhecimento; usuario=-.; Origem GLPI: glpi (11).csv."
Reconhecimento;Igor;1881;Scanner 1881;Scanner;Brother;ADS 1250W;;OK;"Levantamento atual: Reconhecimento / Igor.; Item informado: Scanner 1881.; Nome GLPI: ADS 1250W 1881.; Referencia GLPI desatualizada: grupo=Reconhecimento; usuario=-.; Origem GLPI: glpi (12).csv."
Reconhecimento;Igor;1094;Monitor 1094;Monitor;Dell Inc.;DELL E1913;;OK;"Levantamento atual: Reconhecimento / Igor.; Item informado: Monitor 1094.; Nome GLPI: DELL 1094.; Referencia GLPI desatualizada: grupo=Reconhecimento; usuario=-.; Origem GLPI: glpi (9).csv."
Reconhecimento;Igor;1068;Epson 1068;Impressora;EPSON;EPSON TM-T20;;OK;"Levantamento atual: Reconhecimento / Igor.; Item informado: Epson 1068.; Nome GLPI: EPSON TM-T20 1068.; Referencia GLPI desatualizada: grupo=Reconhecimento; usuario=-.; Origem GLPI: glpi (12).csv."
Reconhecimento;Igor;1419;Webcam 1419;Webcam;Logitech, Inc.;C920 PRO HD;;OK;"Levantamento atual: Reconhecimento / Igor.; Item informado: Webcam 1419.; Nome GLPI: Webcam 1419.; Referencia GLPI desatualizada: grupo=Reconhecimento; usuario=-.; Origem GLPI: glpi (11).csv."
Reconhecimento;Igor;1516;Biometria igor 1516;Biometria;;;;REVISAO;"Levantamento atual: Reconhecimento / Igor.; Item informado: Biometria igor 1516.; Nome GLPI: Biometria igor 1516.; Revisar: patrimonio nao localizado nas planilhas GLPI fornecidas; descricao baseada no levantamento manual."
Reconhecimento;PC Televisor;1238;Teclado 1238;Teclado;;;;REVISAO;"Levantamento atual: Reconhecimento / PC Televisor.; Item informado: Teclado 1238.; Nome GLPI: Teclado 1238.; Revisar: patrimonio nao localizado nas planilhas GLPI fornecidas; descricao baseada no levantamento manual."
Reconhecimento;PC Televisor;0057;Mouse 0057;Mouse;;;;REVISAO;"Levantamento atual: Reconhecimento / PC Televisor.; Item informado: Mouse 0057.; Nome GLPI: Mouse 0057.; Revisar: patrimonio nao localizado nas planilhas GLPI fornecidas; descricao baseada no levantamento manual."
Reconhecimento;PC Televisor;1293;Vostro 1293;Desktop;;;;REVISAO;"Levantamento atual: Reconhecimento / PC Televisor.; Item informado: Vostro 1293.; Nome GLPI: Vostro 1293.; Revisar: patrimonio nao localizado nas planilhas GLPI fornecidas; descricao baseada no levantamento manual."
Procura??o;Pessoa Jur?dica;1487;Mouse 1487;Mouse;Dell Inc.;Mouse Dell MS116;;OK;"Levantamento atual: Procura??o / Pessoa Jur?dica.; Item informado: Mouse 1487.; Nome GLPI: MOUSE 1487.; Referencia GLPI desatualizada: grupo=Procuração; usuario=-.; Origem GLPI: glpi (11).csv."
Procura??o;Pessoa Jur?dica;1096;Teclado 1096;Teclado;Dell Inc.;DELL - Teclado USB KB-4021;;OK;"Levantamento atual: Procura??o / Pessoa Jur?dica.; Item informado: Teclado 1096.; Nome GLPI: TECLADO 1096.; Referencia GLPI desatualizada: grupo=Procuração; usuario=-.; Origem GLPI: glpi (11).csv."
Procura??o;Pessoa Jur?dica;1443;Pc 1443 optiplex 3080;Desktop;Dell Inc.;OptiPlex 3080;;OK;"Levantamento atual: Procura??o / Pessoa Jur?dica.; Item informado: Pc 1443 optiplex 3080.; Nome GLPI: PC-1443.; Processador: Intel Core i5-10500T CPU @ 2.30GHz.; Sistema operacional: Microsoft Windows 10 Pro.; Referencia GLPI desatualizada: grupo=Procuração; usuario=-.; Origem GLPI: glpi (8).csv."
Procura??o;Pessoa Jur?dica;1396;Monitor 1396;Monitor;Dell Inc.;DELL SE2216H;;OK;"Levantamento atual: Procura??o / Pessoa Jur?dica.; Item informado: Monitor 1396.; Nome GLPI: DELL 1396.; Referencia GLPI desatualizada: grupo=Procuração; usuario=-.; Origem GLPI: glpi (9).csv."
Procura??o;Pessoa Jur?dica;1385;Monitor 1385;Monitor;Dell Inc.;DELL P2219H;;OK;"Levantamento atual: Procura??o / Pessoa Jur?dica.; Item informado: Monitor 1385.; Nome GLPI: DELL 1385.; Referencia GLPI desatualizada: grupo=Procuração; usuario=-.; Origem GLPI: glpi (9).csv."
Procura??o;Pessoa Jur?dica;1951;Webcam 1951;Webcam;;;;REVISAO;"Levantamento atual: Procura??o / Pessoa Jur?dica.; Item informado: Webcam 1951.; Nome GLPI: Webcam 1951.; Revisar: patrimonio nao localizado nas planilhas GLPI fornecidas; descricao baseada no levantamento manual."
Procura??o;Pessoa Jur?dica;;Headset sem patrimonio;;;;;REVISAO;Sem numero de patrimonio informado
Procura??o;Ang?lica;1458;Teclado 1458;Teclado;Dell Inc.;DELL - Teclado USB KB-216;;OK;"Levantamento atual: Procura??o / Ang?lica.; Item informado: Teclado 1458.; Nome GLPI: TECLADO 1458.; Referencia GLPI desatualizada: grupo=Procuração; usuario=-.; Origem GLPI: glpi (11).csv."
Procura??o;Ang?lica;1369;Mouse 1369;Mouse;Dell Inc.;Mouse Dell MS116;;OK;"Levantamento atual: Procura??o / Ang?lica.; Item informado: Mouse 1369.; Nome GLPI: MOUSE 1369.; Referencia GLPI desatualizada: grupo=Procuração; usuario=-.; Origem GLPI: glpi (11).csv."
Procura??o;Ang?lica;1901;Headset 1901;Headset;Zox Telecom;DH-80;;OK;"Levantamento atual: Procura??o / Ang?lica.; Item informado: Headset 1901.; Nome GLPI: HEADSET ZOX 1901.; Referencia GLPI desatualizada: grupo=Procuração; usuario=-.; Origem GLPI: glpi (11).csv."
Procura??o;Ang?lica;0849;Biometria talitta 0849;Biometria;NITGen Co., Ltd;Nitgen FingKey Hamster III;;OK;"Levantamento atual: Procura??o / Ang?lica.; Item informado: Biometria talitta 0849.; Nome GLPI: Leitor Biometrico 0849.; Referencia GLPI desatualizada: grupo=Procuração; usuario=-.; Origem GLPI: glpi (11).csv."
Procura??o;Ang?lica;1393;Monitor ang?lica 1393;Monitor;Dell Inc.;DELL SE2216H;;OK;"Levantamento atual: Procura??o / Ang?lica.; Item informado: Monitor ang?lica 1393.; Nome GLPI: DELL 1393.; Referencia GLPI desatualizada: grupo=Procuração; usuario=-.; Origem GLPI: glpi (9).csv."
Procura??o;Ang?lica;1386;Monitor ang?lica 1386;Monitor;Dell Inc.;DELL P2219H;;OK;"Levantamento atual: Procura??o / Ang?lica.; Item informado: Monitor ang?lica 1386.; Nome GLPI: DELL 1386.; Referencia GLPI desatualizada: grupo=Procuração; usuario=-.; Origem GLPI: glpi (9).csv."
Procura??o;Ang?lica;1524;Biometria 1524 angelica;Biometria;;;;REVISAO;"Levantamento atual: Procura??o / Ang?lica.; Item informado: Biometria 1524 angelica.; Nome GLPI: Biometria 1524 angelica.; Revisar: patrimonio nao localizado nas planilhas GLPI fornecidas; descricao baseada no levantamento manual."
Procura??o;Ang?lica;1414;Webcam 1414;Webcam;Logitech, Inc.;C920 PRO HD;;OK;"Levantamento atual: Procura??o / Ang?lica.; Item informado: Webcam 1414.; Nome GLPI: Webcam 1414.; Referencia GLPI desatualizada: grupo=Procuração; usuario=-.; Origem GLPI: glpi (11).csv."
Procura??o;Ang?lica;1331;Vostro 1331 angelica;Desktop;Dell Inc.;Vostro 3470;;OK;"Levantamento atual: Procura??o / Ang?lica.; Item informado: Vostro 1331 angelica.; Nome GLPI: PC-1331.; Processador: Intel Core i5-9400 CPU @ 2.90GHz.; Sistema operacional: Microsoft Windows 10 Pro.; Referencia GLPI desatualizada: grupo=Procuração; usuario=-.; Origem GLPI: glpi (8).csv."
Procura??o;Ang?lica;1310;Argox 1310;Impressora de etiquetas;;;;OK;"Levantamento atual: Procura??o / Ang?lica.; Item informado: Argox 1310.; Nome GLPI: ARGOX 1310.; Referencia GLPI desatualizada: grupo=Procuração; usuario=-.; Origem GLPI: glpi (12).csv."
Procura??o;Ang?lica;1101;Epson 1101;Impressora;EPSON;EPSON TM-T20;;OK;"Levantamento atual: Procura??o / Ang?lica.; Item informado: Epson 1101.; Nome GLPI: EPSON TM-T20 1101.; Referencia GLPI desatualizada: grupo=Procuração; usuario=-.; Origem GLPI: glpi (12).csv."
Procura??o;Monitor Procura??o;1809;Teclado 1809;Teclado;Dell Inc.;DELL - Teclado USB KB-216;;OK;"Levantamento atual: Procura??o / Monitor Procura??o.; Item informado: Teclado 1809.; Nome GLPI: TECLADO 1809.; Referencia GLPI desatualizada: grupo=Procuração; usuario=-.; Origem GLPI: glpi (11).csv."
Procura??o;Monitor Procura??o;1029;Mouse 1029;Mouse;Dell Inc.;Mouse Dell MS111l;;OK;"Levantamento atual: Procura??o / Monitor Procura??o.; Item informado: Mouse 1029.; Nome GLPI: MOUSE 1029.; Referencia GLPI desatualizada: grupo=Procuração; usuario=-.; Origem GLPI: glpi (11).csv."
Procura??o;Monitor Procura??o;1341;Vostro 1341;Desktop;Dell Inc.;Vostro 3470;;OK;"Levantamento atual: Procura??o / Monitor Procura??o.; Item informado: Vostro 1341.; Nome GLPI: PC-1341.; Processador: Intel Core i5-9400 CPU @ 2.90GHz.; Sistema operacional: Microsoft Windows 10 Pro.; Referencia GLPI desatualizada: grupo=Procuração; usuario=-.; Origem GLPI: glpi (8).csv."
Invent?rio;Auxiliar Kamila;1184;Pc 1184;Desktop;Dell Inc.;Inspiron 3647;;OK;"Levantamento atual: Invent?rio / Auxiliar Kamila.; Item informado: Pc 1184.; Nome GLPI: PC-1184.; Processador: Intel Core i5-4460S CPU @ 2.90GHz.; Sistema operacional: Microsoft Windows 10 Pro.; Referencia GLPI desatualizada: grupo=Inventario; usuario=-.; Origem GLPI: glpi (8).csv."
Invent?rio;Auxiliar Kamila;1947;Teclado 1947;Teclado;;;;REVISAO;"Levantamento atual: Invent?rio / Auxiliar Kamila.; Item informado: Teclado 1947.; Nome GLPI: Teclado 1947.; Revisar: patrimonio nao localizado nas planilhas GLPI fornecidas; descricao baseada no levantamento manual."
Invent?rio;Auxiliar Kamila;1366;Mouse 1366;Mouse;Dell Inc.;Mouse Dell MS116;;OK;"Levantamento atual: Invent?rio / Auxiliar Kamila.; Item informado: Mouse 1366.; Nome GLPI: MOUSE 1366.; Referencia GLPI desatualizada: grupo=Inventario; usuario=-.; Origem GLPI: glpi (11).csv."
Invent?rio;Auxiliar Kamila;0715;Monitor 0715;Monitor;Dell Inc.;DELL D1901N;;OK;"Levantamento atual: Invent?rio / Auxiliar Kamila.; Item informado: Monitor 0715.; Nome GLPI: DELL 0715.; Referencia GLPI desatualizada: grupo=Inventario; usuario=-.; Origem GLPI: glpi (9).csv."
Invent?rio;Auxiliar Kamila;;Headset sem patrimonio;;;;;REVISAO;Sem numero de patrimonio informado
Invent?rio;Auxiliar Kamila;1412;Monitor 1412;Monitor;Dell Inc.;DELL P2219H;;OK;"Levantamento atual: Invent?rio / Auxiliar Kamila.; Item informado: Monitor 1412.; Nome GLPI: DELL 1412.; Referencia GLPI desatualizada: grupo=Inventario; usuario=-.; Origem GLPI: glpi (9).csv."
Invent?rio;Auxiliar Kamila;1946;Webcam 1946;Webcam;;;;REVISAO;"Levantamento atual: Invent?rio / Auxiliar Kamila.; Item informado: Webcam 1946.; Nome GLPI: Webcam 1946.; Revisar: patrimonio nao localizado nas planilhas GLPI fornecidas; descricao baseada no levantamento manual."
Invent?rio;Kamila;1854;Teclado 1854;Teclado;Dell Inc.;DELL - Teclado USB KB-216;;OK;"Levantamento atual: Invent?rio / Kamila.; Item informado: Teclado 1854.; Nome GLPI: TECLADO 1854.; Referencia GLPI desatualizada: grupo=Inventario; usuario=-.; Origem GLPI: glpi (11).csv."
Invent?rio;Kamila;1802;Mouse 1802;Mouse;Dell Inc.;Mouse Dell MS116;;OK;"Levantamento atual: Invent?rio / Kamila.; Item informado: Mouse 1802.; Nome GLPI: MOUSE 1802.; Referencia GLPI desatualizada: grupo=Inventario; usuario=-.; Origem GLPI: glpi (11).csv."
Invent?rio;Kamila;0704;Monitor 0704;Monitor;Dell Inc.;DELL D1901N;;OK;"Levantamento atual: Invent?rio / Kamila.; Item informado: Monitor 0704.; Nome GLPI: DELL 0704.; Referencia GLPI desatualizada: grupo=Inventario; usuario=-.; Origem GLPI: glpi (9).csv."
Invent?rio;Kamila;1384;Monitor 1384;Monitor;Dell Inc.;DELL P2219H;;OK;"Levantamento atual: Invent?rio / Kamila.; Item informado: Monitor 1384.; Nome GLPI: DELL 1384.; Referencia GLPI desatualizada: grupo=Inventario; usuario=-.; Origem GLPI: glpi (9).csv."
Invent?rio;Kamila;1956;Webcam 1956;Webcam;;;;REVISAO;"Levantamento atual: Invent?rio / Kamila.; Item informado: Webcam 1956.; Nome GLPI: Webcam 1956.; Revisar: patrimonio nao localizado nas planilhas GLPI fornecidas; descricao baseada no levantamento manual."
Invent?rio;Kamila;1435;Pc optiplex 1435;Desktop;Dell Inc.;OptiPlex 3080;;OK;"Levantamento atual: Invent?rio / Kamila.; Item informado: Pc optiplex 1435.; Nome GLPI: PC-1435.; Processador: Intel Core i5-10500T CPU @ 2.30GHz.; Sistema operacional: Microsoft Windows 10 Pro.; Referencia GLPI desatualizada: grupo=Inventario; usuario=-.; Origem GLPI: glpi (8).csv."
Invent?rio;Kamila;1514;Biometria 1514;Biometria;NITGen Co., Ltd;Nitgen FingKey Hamster DX;;OK;"Levantamento atual: Invent?rio / Kamila.; Item informado: Biometria 1514.; Nome GLPI: Leitor Biometrico 1514.; Referencia GLPI desatualizada: grupo=Inventario; usuario=-.; Origem GLPI: glpi (11).csv."
Invent?rio;Kamila;1502;Extensor 1502;Extensor;Exbom;Exbom UHL-300;;OK;"Levantamento atual: Invent?rio / Kamila.; Item informado: Extensor 1502.; Nome GLPI: Hub USB 1502.; Referencia GLPI desatualizada: grupo=Inventario; usuario=-.; Origem GLPI: glpi (11).csv."
Invent?rio;Vivianne;1150;Teclado 1150;Teclado;Dell Inc.;DELL - Teclado USB KB-4021;;OK;"Levantamento atual: Invent?rio / Vivianne.; Item informado: Teclado 1150.; Nome GLPI: TECLADO 1150.; Referencia GLPI desatualizada: grupo=Inventario; usuario=-.; Origem GLPI: glpi (11).csv."
Invent?rio;Vivianne;1863;Mouse 1863;Mouse;Dell Inc.;Mouse Dell MS116;;OK;"Levantamento atual: Invent?rio / Vivianne.; Item informado: Mouse 1863.; Nome GLPI: MOUSE 1863.; Referencia GLPI desatualizada: grupo=Inventario; usuario=-.; Origem GLPI: glpi (11).csv."
Invent?rio;Vivianne;0719;Monitor 0719;Monitor;Dell Inc.;DELL D1901N;;OK;"Levantamento atual: Invent?rio / Vivianne.; Item informado: Monitor 0719.; Nome GLPI: DELL 0719.; Referencia GLPI desatualizada: grupo=Inventario; usuario=-.; Origem GLPI: glpi (9).csv."
Invent?rio;Vivianne;1315;Biometria 1315;Biometria;NITGen Co., Ltd;Nitgen FingKey Hamster III;;OK;"Levantamento atual: Invent?rio / Vivianne.; Item informado: Biometria 1315.; Nome GLPI: Leitor Biometrico 1315.; Referencia GLPI desatualizada: grupo=Inventario; usuario=-.; Origem GLPI: glpi (11).csv."
Invent?rio;Vivianne;1448;PC optiplex 1448;Desktop;Dell Inc.;OptiPlex 3080;;OK;"Levantamento atual: Invent?rio / Vivianne.; Item informado: PC optiplex 1448.; Nome GLPI: PC-1448.; Processador: Intel Core i5-10500T CPU @ 2.30GHz.; Sistema operacional: Microsoft Windows 10 Pro.; Referencia GLPI desatualizada: grupo=Inventario; usuario=-.; Origem GLPI: glpi (8).csv."
Invent?rio;Vivianne;1335;Monitor 1335;Monitor;Dell Inc.;DELL P2219H;;OK;"Levantamento atual: Invent?rio / Vivianne.; Item informado: Monitor 1335.; Nome GLPI: DELL 1335.; Referencia GLPI desatualizada: grupo=Inventario; usuario=-.; Origem GLPI: glpi (9).csv."
Invent?rio;Vivianne;1890;Headset 1890;Headset;Zox Telecom;DH-80;;OK;"Levantamento atual: Invent?rio / Vivianne.; Item informado: Headset 1890.; Nome GLPI: HEADSET ZOX 1890.; Referencia GLPI desatualizada: grupo=Inventario; usuario=-.; Origem GLPI: glpi (11).csv."
Invent?rio;Vivianne;;Webcam sem patrimonio;;;;;REVISAO;Sem numero de patrimonio informado
Invent?rio;Auxiliar Vivianne;1307;Argox 1307;Impressora de etiquetas;;;;OK;"Levantamento atual: Invent?rio / Auxiliar Vivianne.; Item informado: Argox 1307.; Nome GLPI: ARGOX 1307.; Referencia GLPI desatualizada: grupo=Livros; usuario=-.; Origem GLPI: glpi (12).csv."
Invent?rio;Auxiliar Vivianne;1350;Teclado 1350;Teclado;Dell Inc.;DELL - Teclado USB KB-216;;OK;"Levantamento atual: Invent?rio / Auxiliar Vivianne.; Item informado: Teclado 1350.; Nome GLPI: TECLADO 1350.; Referencia GLPI desatualizada: grupo=Inventario; usuario=-.; Origem GLPI: glpi (11).csv."
Invent?rio;Auxiliar Vivianne;1855;Mouse 1855;Mouse;Dell Inc.;Mouse Dell MS116;;OK;"Levantamento atual: Invent?rio / Auxiliar Vivianne.; Item informado: Mouse 1855.; Nome GLPI: MOUSE 1855.; Referencia GLPI desatualizada: grupo=Inventario; usuario=-.; Origem GLPI: glpi (11).csv."
Invent?rio;Auxiliar Vivianne;1026;Monitor 1026;Monitor;Dell Inc.;DELL E1912H;;OK;"Levantamento atual: Invent?rio / Auxiliar Vivianne.; Item informado: Monitor 1026.; Nome GLPI: DELL 1026.; Referencia GLPI desatualizada: grupo=Inventario; usuario=-.; Origem GLPI: glpi (9).csv."
Invent?rio;Auxiliar Vivianne;0889;Webcam 0889;Webcam;Microsoft;Microsoft Life Cam VX-800;;OK;"Levantamento atual: Invent?rio / Auxiliar Vivianne.; Item informado: Webcam 0889.; Nome GLPI: Webcam 0889.; Referencia GLPI desatualizada: grupo=Inventario; usuario=-.; Origem GLPI: glpi (11).csv."
Invent?rio;Auxiliar Vivianne;1439;Pc optiplex 1439;Desktop;Dell Inc.;OptiPlex 3080;;OK;"Levantamento atual: Invent?rio / Auxiliar Vivianne.; Item informado: Pc optiplex 1439.; Nome GLPI: PC-1439.; Processador: Intel Core i5-10500T CPU @ 2.30GHz.; Sistema operacional: Microsoft Windows 10 Pro.; Referencia GLPI desatualizada: grupo=Inventario; usuario=-.; Origem GLPI: glpi (8).csv."
Invent?rio;Auxiliar Vivianne;1339;Monitor 1339;Monitor;Dell Inc.;DELL P2219H;;OK;"Levantamento atual: Invent?rio / Auxiliar Vivianne.; Item informado: Monitor 1339.; Nome GLPI: DELL 1339.; Referencia GLPI desatualizada: grupo=Inventario; usuario=-.; Origem GLPI: glpi (9).csv."
Invent?rio;Auxiliar da Porta;1477;Mouse 1477;Mouse;Dell Inc.;Mouse Dell MS116;;OK;"Levantamento atual: Invent?rio / Auxiliar da Porta.; Item informado: Mouse 1477.; Nome GLPI: MOUSE 1477.; Referencia GLPI desatualizada: grupo=Aton - 8° Andar - BBS Docs; usuario=-.; Origem GLPI: glpi (11).csv."
Invent?rio;Auxiliar da Porta;1237;Teclado 1237;Teclado;Dell Inc.;DELL - Teclado USB KB-216;;OK;"Levantamento atual: Invent?rio / Auxiliar da Porta.; Item informado: Teclado 1237.; Nome GLPI: TECLADO 1237.; Referencia GLPI desatualizada: grupo=Aton - 8° Andar - BBS Docs; usuario=-.; Origem GLPI: glpi (11).csv."
Invent?rio;Auxiliar da Porta;1820;Monitor 1820;Monitor;Samsung Electric Company;Syncmaster 540 N (LCD);;OK;"Levantamento atual: Invent?rio / Auxiliar da Porta.; Item informado: Monitor 1820.; Nome GLPI: SAMSUNG 1820.; Referencia GLPI desatualizada: grupo=Inventario; usuario=-.; Origem GLPI: glpi (9).csv."
Invent?rio;Auxiliar da Porta;1325;Monitor 1325;Monitor;Dell Inc.;DELL P2219H;;OK;"Levantamento atual: Invent?rio / Auxiliar da Porta.; Item informado: Monitor 1325.; Nome GLPI: DELL 1325.; Referencia GLPI desatualizada: grupo=Inventario; usuario=-.; Origem GLPI: glpi (9).csv."
Invent?rio;Auxiliar da Porta;1408;Webcam 1408;Webcam;Logitech, Inc.;C920 PRO HD;;OK;"Levantamento atual: Invent?rio / Auxiliar da Porta.; Item informado: Webcam 1408.; Nome GLPI: C920 PRO HD Webcam 1408.; Referencia GLPI desatualizada: grupo=Procuração; usuario=-.; Origem GLPI: glpi (11).csv."
Invent?rio;Auxiliar da Porta;1376;Monitor 1376 dois patrimonio no mesmo monitor;Monitor;;;;REVISAO;"Levantamento atual: Invent?rio / Auxiliar da Porta.; Item informado: Monitor 1376 dois patrimonio no mesmo monitor.; Nome GLPI: Monitor 1376 dois patrimonio no mesmo monitor.; Revisar: patrimonio nao localizado nas planilhas GLPI fornecidas; descricao baseada no levantamento manual.; Revisar etiqueta/identificacao fisica: observacao registrada no levantamento."
Ata Notarial;Secretaria Executiva - Let?cia e Rodolpho;0244;Teclado 0244;Teclado;Dell Inc.;DELL - Teclado USB RT7D50;;OK;"Levantamento atual: Ata Notarial / Secretaria Executiva - Let?cia e Rodolpho.; Item informado: Teclado 0244.; Nome GLPI: TECLADO 0244.; Referencia GLPI desatualizada: grupo=Recepção Escritura; usuario=-.; Origem GLPI: glpi (11).csv."
Ata Notarial;Secretaria Executiva - Let?cia e Rodolpho;1471;Mouse 1471;Mouse;Dell Inc.;Mouse Dell MS116;;OK;"Levantamento atual: Ata Notarial / Secretaria Executiva - Let?cia e Rodolpho.; Item informado: Mouse 1471.; Nome GLPI: MOUSE 1471.; Referencia GLPI desatualizada: grupo=Recepção Escritura; usuario=-.; Origem GLPI: glpi (11).csv."
Ata Notarial;Secretaria Executiva - Let?cia e Rodolpho;0727;Monitor 0727;Monitor;Dell Inc.;DELL D1901N;;OK;"Levantamento atual: Ata Notarial / Secretaria Executiva - Let?cia e Rodolpho.; Item informado: Monitor 0727.; Nome GLPI: DELL 0727.; Referencia GLPI desatualizada: grupo=Escritura; usuario=-.; Origem GLPI: glpi (9).csv."
Ata Notarial;Secretaria Executiva - Let?cia e Rodolpho;1193;Pc 1193;Desktop;Dell Inc.;Inspiron 3647;;OK;"Levantamento atual: Ata Notarial / Secretaria Executiva - Let?cia e Rodolpho.; Item informado: Pc 1193.; Nome GLPI: pc-1193.; Processador: Intel Core i5-4460S CPU @ 2.90GHz.; Sistema operacional: Microsoft Windows 10 Pro.; Referencia GLPI desatualizada: grupo=Recepção Escritura; usuario=-.; Origem GLPI: glpi (8).csv."
Escritura;Auxiliar Delma;1446;Optiplex 1446;Desktop;Dell Inc.;OptiPlex 3080;;OK;"Levantamento atual: Escritura / Auxiliar Delma.; Item informado: Optiplex 1446.; Nome GLPI: PC-1446.; Processador: Intel Core i5-10500T CPU @ 2.30GHz.; Sistema operacional: Microsoft Windows 11 Pro.; Referencia GLPI desatualizada: grupo=Escritura; usuario=-.; Origem GLPI: glpi (8).csv."
Escritura;Auxiliar Delma;1194;Teclado 1194;Teclado;Dell Inc.;DELL - Teclado USB KB-4021;;OK;"Levantamento atual: Escritura / Auxiliar Delma.; Item informado: Teclado 1194.; Nome GLPI: TECLADO 1194.; Referencia GLPI desatualizada: grupo=Caixa 5; usuario=-.; Origem GLPI: glpi (11).csv."
Escritura;Auxiliar Delma;1295;Mouse 1295;Mouse;;;;REVISAO;"Levantamento atual: Escritura / Auxiliar Delma.; Item informado: Mouse 1295.; Nome GLPI: Mouse 1295.; Revisar: patrimonio nao localizado nas planilhas GLPI fornecidas; descricao baseada no levantamento manual."
Escritura;Auxiliar Delma;0085;Monitor 0085;Monitor;Microsoft;Microsoft Life Cam VX-1000;;OK;"Levantamento atual: Escritura / Auxiliar Delma.; Item informado: Monitor 0085.; Nome GLPI: Webcam 0085.; Referencia GLPI desatualizada: grupo=Caixa 3; usuario=-.; Origem GLPI: glpi (11).csv."
Escritura;Auxiliar Delma;;Headset sem patrimonio;;;;;REVISAO;Sem numero de patrimonio informado
Escritura;Auxiliar Delma;1390;Monitor 1390;Monitor;Dell Inc.;DELL SE2216H;;OK;"Levantamento atual: Escritura / Auxiliar Delma.; Item informado: Monitor 1390.; Nome GLPI: DELL 1390.; Referencia GLPI desatualizada: grupo=Escritura; usuario=-.; Origem GLPI: glpi (9).csv."
Escritura;Auxiliar Delma;1941;Webcam 1941;Webcam;;;;REVISAO;"Levantamento atual: Escritura / Auxiliar Delma.; Item informado: Webcam 1941.; Nome GLPI: Webcam 1941.; Revisar: patrimonio nao localizado nas planilhas GLPI fornecidas; descricao baseada no levantamento manual."
Escritura;Delma;1442;Pc optiplex 1442;Desktop;Dell Inc.;OptiPlex 3080;;OK;"Levantamento atual: Escritura / Delma.; Item informado: Pc optiplex 1442.; Nome GLPI: PC-1442.; Processador: Intel Core i5-10500T CPU @ 2.30GHz.; Sistema operacional: Microsoft Windows 10 Pro.; Referencia GLPI desatualizada: grupo=Escritura; usuario=-.; Origem GLPI: glpi (8).csv."
Escritura;Delma;1326;Monitor 1326;Monitor;Dell Inc.;DELL P2219H;;OK;"Levantamento atual: Escritura / Delma.; Item informado: Monitor 1326.; Nome GLPI: DELL 1326.; Referencia GLPI desatualizada: grupo=Escritura; usuario=-.; Origem GLPI: glpi (9).csv."
Escritura;Delma;1397;Monitor 1397;Monitor;Dell Inc.;DELL SE2216H;;OK;"Levantamento atual: Escritura / Delma.; Item informado: Monitor 1397.; Nome GLPI: DELL 1397.; Referencia GLPI desatualizada: grupo=Escritura; usuario=-.; Origem GLPI: glpi (9).csv."
Escritura;Delma;0854;Webcam 0854 patrimonio quase saindo;Webcam;Microsoft;Microsoft Life Cam HD-3000;;OK;"Levantamento atual: Escritura / Delma.; Item informado: Webcam 0854 patrimonio quase saindo.; Nome GLPI: Webcam 0854.; Referencia GLPI desatualizada: grupo=Escritura; usuario=-.; Origem GLPI: glpi (11).csv.; Revisar etiqueta/identificacao fisica: observacao registrada no levantamento."
Escritura;Delma;1475;Mouse 1475;Mouse;Dell Inc.;Mouse Dell MS116;;OK;"Levantamento atual: Escritura / Delma.; Item informado: Mouse 1475.; Nome GLPI: MOUSE 1475.; Referencia GLPI desatualizada: grupo=Escritura; usuario=-.; Origem GLPI: glpi (11).csv."
Escritura;Delma;1454;Teclado 1454;Teclado;Dell Inc.;DELL - Teclado USB KB-216;;OK;"Levantamento atual: Escritura / Delma.; Item informado: Teclado 1454.; Nome GLPI: TECLADO 1454.; Referencia GLPI desatualizada: grupo=Escritura; usuario=-.; Origem GLPI: glpi (11).csv."
Escritura;Auxiliar Karianne;1130;Teclado 1130;Teclado;Dell Inc.;DELL - Teclado USB KB-4021;;OK;"Levantamento atual: Escritura / Auxiliar Karianne.; Item informado: Teclado 1130.; Nome GLPI: TECLADO 1130.; Referencia GLPI desatualizada: grupo=Caixa 5; usuario=-.; Origem GLPI: glpi (11).csv."
Escritura;Auxiliar Karianne;1347;Mouse 1347;Mouse;Dell Inc.;Mouse Dell MS116;;OK;"Levantamento atual: Escritura / Auxiliar Karianne.; Item informado: Mouse 1347.; Nome GLPI: MOUSE 1347.; Referencia GLPI desatualizada: grupo=Escritura; usuario=-.; Origem GLPI: glpi (11).csv."
Escritura;Auxiliar Karianne;0107;Monitor 0107;Monitor;Dell Inc.;DELL E178FP;;OK;"Levantamento atual: Escritura / Auxiliar Karianne.; Item informado: Monitor 0107.; Nome GLPI: DELL 0107.; Referencia GLPI desatualizada: grupo=Escritura; usuario=-.; Origem GLPI: glpi (9).csv."
Escritura;Auxiliar Karianne;0067;Monitor 0067;Monitor;Dell Inc.;DELL E178WFP;;OK;"Levantamento atual: Escritura / Auxiliar Karianne.; Item informado: Monitor 0067.; Nome GLPI: DELL 0067.; Referencia GLPI desatualizada: grupo=T.i; usuario=-.; Origem GLPI: glpi (9).csv."
Escritura;Auxiliar Karianne;1178;Pc 1178;Desktop;Dell Inc.;Inspiron 3647;;OK;"Levantamento atual: Escritura / Auxiliar Karianne.; Item informado: Pc 1178.; Nome GLPI: PC-1178.; Processador: Intel Core i5-4460S CPU @ 2.90GHz.; Sistema operacional: Microsoft Windows 10 Pro.; Referencia GLPI desatualizada: grupo=Armario T.i; usuario=-.; Origem GLPI: glpi (8).csv."
Escritura;Auxiliar Karianne;1858;Webcam 1858;Webcam;Microsoft;Microsoft Life Cam HD-3000;;OK;"Levantamento atual: Escritura / Auxiliar Karianne.; Item informado: Webcam 1858.; Nome GLPI: Webcam 1858.; Referencia GLPI desatualizada: grupo=Inventario; usuario=-.; Origem GLPI: glpi (11).csv."
Escritura;Karianne;1076;Teclado 1076;Teclado;Dell Inc.;DELL - Teclado USB SK-8115;;OK;"Levantamento atual: Escritura / Karianne.; Item informado: Teclado 1076.; Nome GLPI: TECLADO 1076.; Referencia GLPI desatualizada: grupo=Reconhecimento; usuario=-.; Origem GLPI: glpi (11).csv."
Escritura;Karianne;1472;Mouse 1472;Mouse;Dell Inc.;Mouse Dell MS116;;OK;"Levantamento atual: Escritura / Karianne.; Item informado: Mouse 1472.; Nome GLPI: MOUSE 1472.; Referencia GLPI desatualizada: grupo=Caixa 5; usuario=-.; Origem GLPI: glpi (11).csv."
Escritura;Karianne;0163;Monitor 0163;Monitor;Dell Inc.;DELL E178WFP;;OK;"Levantamento atual: Escritura / Karianne.; Item informado: Monitor 0163.; Nome GLPI: DELL 0163.; Referencia GLPI desatualizada: grupo=Escritura; usuario=-.; Origem GLPI: glpi (9).csv."
Escritura;Karianne;1344;Pc vostro 1344;Desktop;Dell Inc.;Vostro 3470;;OK;"Levantamento atual: Escritura / Karianne.; Item informado: Pc vostro 1344.; Nome GLPI: PC-1344.; Processador: Intel Core i5-9400 CPU @ 2.90GHz.; Sistema operacional: Microsoft Windows 10 Pro.; Referencia GLPI desatualizada: grupo=Escritura; usuario=-.; Origem GLPI: glpi (8).csv."
Escritura;Karianne;;Headset sem patrimonio;;;;;REVISAO;Sem numero de patrimonio informado
Escritura;Karianne;1394;Monitor 1394;Monitor;Dell Inc.;DELL SE2216H;;OK;"Levantamento atual: Escritura / Karianne.; Item informado: Monitor 1394.; Nome GLPI: DELL 1394.; Referencia GLPI desatualizada: grupo=Escritura; usuario=-.; Origem GLPI: glpi (9).csv."
Escritura;Karianne;0163;Monitor 0163;Monitor;Dell Inc.;DELL E178WFP;;OK;"Levantamento atual: Escritura / Karianne.; Item informado: Monitor 0163.; Nome GLPI: DELL 0163.; Referencia GLPI desatualizada: grupo=Escritura; usuario=-.; Origem GLPI: glpi (9).csv.; Duplicado no levantamento: tambem apareceu em Escritura/Karianne."
Escritura;Karianne;1740;Webcam 1740;Webcam;Microsoft;Microsoft Life Cam HD-3000;;OK;"Levantamento atual: Escritura / Karianne.; Item informado: Webcam 1740.; Nome GLPI: Webcam 1740.; Referencia GLPI desatualizada: grupo=Caixa 3; usuario=-.; Origem GLPI: glpi (11).csv."
Escritura;Marcos Ramos;1434;Optiplex 1434;Desktop;Dell Inc.;OptiPlex 3080;;OK;"Levantamento atual: Escritura / Marcos Ramos.; Item informado: Optiplex 1434.; Nome GLPI: PC-1434.; Processador: Intel Core i5-10500T CPU @ 2.30GHz.; Sistema operacional: Microsoft Windows 10 Pro.; Referencia GLPI desatualizada: grupo=Procuração; usuario=-.; Origem GLPI: glpi (8).csv."
Escritura;Marcos Ramos;1351;Teclado 1351;Teclado;Dell Inc.;DELL - Teclado USB KB-216;;OK;"Levantamento atual: Escritura / Marcos Ramos.; Item informado: Teclado 1351.; Nome GLPI: TECLADO 1351.; Referencia GLPI desatualizada: grupo=Escritura; usuario=-.; Origem GLPI: glpi (11).csv."
Escritura;Marcos Ramos;;Mouse sem patrimonio;;;;;REVISAO;Sem numero de patrimonio informado
Escritura;Marcos Ramos;0723;Monitor 0723;Monitor;Dell Inc.;DELL D1901N;;OK;"Levantamento atual: Escritura / Marcos Ramos.; Item informado: Monitor 0723.; Nome GLPI: DELL 0723.; Referencia GLPI desatualizada: grupo=Escritura; usuario=-.; Origem GLPI: glpi (9).csv."
Escritura;Marcos Ramos;0851;Biometria 0851;Biometria;NITGen Co., Ltd;Nitgen FingKey Hamster DX;;OK;"Levantamento atual: Escritura / Marcos Ramos.; Item informado: Biometria 0851.; Nome GLPI: Leitor Biometrico 0851.; Referencia GLPI desatualizada: grupo=Escritura; usuario=-.; Origem GLPI: glpi (11).csv."
Escritura;Marcos Ramos;1324;Monitor 1324;Monitor;Dell Inc.;DELL P2219H;;OK;"Levantamento atual: Escritura / Marcos Ramos.; Item informado: Monitor 1324.; Nome GLPI: DELL 1324.; Referencia GLPI desatualizada: grupo=Escritura; usuario=-.; Origem GLPI: glpi (9).csv."
Escritura;Marcos Ramos;1963;Webcam 1963;Webcam;;;;REVISAO;"Levantamento atual: Escritura / Marcos Ramos.; Item informado: Webcam 1963.; Nome GLPI: Webcam 1963.; Revisar: patrimonio nao localizado nas planilhas GLPI fornecidas; descricao baseada no levantamento manual."
Escritura;Auxiliar Marcos;1444;Optiplex 1444;Desktop;Dell Inc.;OptiPlex 3080;;OK;"Levantamento atual: Escritura / Auxiliar Marcos.; Item informado: Optiplex 1444.; Nome GLPI: PC-1444.; Processador: Intel Core i5-10500T CPU @ 2.30GHz.; Sistema operacional: Microsoft Windows 10 Pro.; Referencia GLPI desatualizada: grupo=Escritura; usuario=-.; Origem GLPI: glpi (8).csv."
Escritura;Auxiliar Marcos;1962;Webcam 1962;Webcam;;;;REVISAO;"Levantamento atual: Escritura / Auxiliar Marcos.; Item informado: Webcam 1962.; Nome GLPI: Webcam 1962.; Revisar: patrimonio nao localizado nas planilhas GLPI fornecidas; descricao baseada no levantamento manual."
Escritura;Auxiliar Marcos;1329;Monitor 1329;Monitor;Dell Inc.;DELL P2219H;;OK;"Levantamento atual: Escritura / Auxiliar Marcos.; Item informado: Monitor 1329.; Nome GLPI: DELL 1329.; Referencia GLPI desatualizada: grupo=Escritura; usuario=-.; Origem GLPI: glpi (9).csv."
Escritura;Auxiliar Marcos;1077;Monitor 1077;Monitor;Dell Inc.;DELL E1912H;;OK;"Levantamento atual: Escritura / Auxiliar Marcos.; Item informado: Monitor 1077.; Nome GLPI: DELL 1077.; Referencia GLPI desatualizada: grupo=Escritura; usuario=-.; Origem GLPI: glpi (9).csv."
Escritura;Auxiliar Marcos;1356;Teclado 1356;Teclado;Dell Inc.;DELL - Teclado USB KB-216;;OK;"Levantamento atual: Escritura / Auxiliar Marcos.; Item informado: Teclado 1356.; Nome GLPI: TECLADO 1356.; Referencia GLPI desatualizada: grupo=Escritura; usuario=-.; Origem GLPI: glpi (11).csv."
Escritura;Auxiliar Marcos;1481;Mouse 1481;Mouse;Dell Inc.;Mouse Dell MS116;;OK;"Levantamento atual: Escritura / Auxiliar Marcos.; Item informado: Mouse 1481.; Nome GLPI: MOUSE 1481.; Referencia GLPI desatualizada: grupo=Escritura; usuario=-.; Origem GLPI: glpi (11).csv."
Escritura;Auxiliar Marcos;1522;Biometria 1522;Biometria;NITGen Co., Ltd;Nitgen FingKey Hamster DX;;OK;"Levantamento atual: Escritura / Auxiliar Marcos.; Item informado: Biometria 1522.; Nome GLPI: Leitor Biometrico 1522.; Referencia GLPI desatualizada: grupo=Escritura; usuario=-.; Origem GLPI: glpi (11).csv."
Escritura;Jhessyca Borborema;1865;Teclado 1865;Teclado;Dell Inc.;DELL - Teclado USB KB-216;;OK;"Levantamento atual: Escritura / Jhessyca Borborema.; Item informado: Teclado 1865.; Nome GLPI: TECLADO 1865.; Referencia GLPI desatualizada: grupo=Escritura; usuario=-.; Origem GLPI: glpi (11).csv."
Escritura;Jhessyca Borborema;1229;Mouse 1229;Mouse;Dell Inc.;Mouse Dell MS116;;OK;"Levantamento atual: Escritura / Jhessyca Borborema.; Item informado: Mouse 1229.; Nome GLPI: MOUSE 1229.; Referencia GLPI desatualizada: grupo=Escritura; usuario=-.; Origem GLPI: glpi (11).csv."
Escritura;Jhessyca Borborema;1303;Monitor 1303;Monitor;Dell Inc.;DELL P2219H;;OK;"Levantamento atual: Escritura / Jhessyca Borborema.; Item informado: Monitor 1303.; Nome GLPI: DELL 1303.; Referencia GLPI desatualizada: grupo=Escritura; usuario=-.; Origem GLPI: glpi (9).csv."
Escritura;Jhessyca Borborema;1445;Optiplex 1445;Desktop;Dell Inc.;OptiPlex 3080;;OK;"Levantamento atual: Escritura / Jhessyca Borborema.; Item informado: Optiplex 1445.; Nome GLPI: PC-1445.; Processador: Intel Core i5-10500T CPU @ 2.30GHz.; Sistema operacional: Microsoft Windows 10 Pro.; Origem GLPI: glpi (8).csv."
Escritura;Jhessyca Borborema;1387;Monitor 1387;Monitor;Dell Inc.;DELL SE2216H;;OK;"Levantamento atual: Escritura / Jhessyca Borborema.; Item informado: Monitor 1387.; Nome GLPI: DELL 1387.; Referencia GLPI desatualizada: grupo=Inventario; usuario=-.; Origem GLPI: glpi (9).csv."
Escritura;Jhessyca Borborema;1111;Biometria 1111;Biometria;NITGen Co., Ltd;Nitgen FingKey Hamster DX;;OK;"Levantamento atual: Escritura / Jhessyca Borborema.; Item informado: Biometria 1111.; Nome GLPI: Leitor Biometrico 1111.; Referencia GLPI desatualizada: grupo=Escritura; usuario=-.; Origem GLPI: glpi (11).csv."
Escritura;Jhessyca Borborema;1964;Webcam 1964;Webcam;;;;REVISAO;"Levantamento atual: Escritura / Jhessyca Borborema.; Item informado: Webcam 1964.; Nome GLPI: Webcam 1964.; Revisar: patrimonio nao localizado nas planilhas GLPI fornecidas; descricao baseada no levantamento manual."
Escritura;Auxiliar Jhessyca;1441;Optiplex 1441;Desktop;Dell Inc.;OptiPlex 3080;;OK;"Levantamento atual: Escritura / Auxiliar Jhessyca.; Item informado: Optiplex 1441.; Nome GLPI: PC-1441.; Processador: Intel Core i5-10500T CPU @ 2.30GHz.; Sistema operacional: Microsoft Windows 10 Pro.; Referencia GLPI desatualizada: grupo=Escritura; usuario=-.; Origem GLPI: glpi (8).csv."
Escritura;Auxiliar Jhessyca;1453;Teclado 1453;Teclado;Dell Inc.;DELL - Teclado USB KB-216;;OK;"Levantamento atual: Escritura / Auxiliar Jhessyca.; Item informado: Teclado 1453.; Nome GLPI: TECLADO 1453.; Referencia GLPI desatualizada: grupo=Escritura; usuario=-.; Origem GLPI: glpi (11).csv."
Escritura;Auxiliar Jhessyca;1940;Mouse 1940;Mouse;;;;REVISAO;"Levantamento atual: Escritura / Auxiliar Jhessyca.; Item informado: Mouse 1940.; Nome GLPI: Mouse 1940.; Revisar: patrimonio nao localizado nas planilhas GLPI fornecidas; descricao baseada no levantamento manual."
Escritura;Auxiliar Jhessyca;1862;Headset 1862;Headset;Zox Telecom;DH-80;;OK;"Levantamento atual: Escritura / Auxiliar Jhessyca.; Item informado: Headset 1862.; Nome GLPI: HEADSET ZOX 1862.; Referencia GLPI desatualizada: grupo=Escritura; usuario=-.; Origem GLPI: glpi (11).csv."
Escritura;Auxiliar Jhessyca;1113;Monitor 1113;Monitor;Dell Inc.;DELL E1912H;;OK;"Levantamento atual: Escritura / Auxiliar Jhessyca.; Item informado: Monitor 1113.; Nome GLPI: DELL 1113.; Referencia GLPI desatualizada: grupo=Escritura; usuario=-.; Origem GLPI: glpi (9).csv."
Escritura;Auxiliar Jhessyca;1388;Monitor 1388;Monitor;Dell Inc.;DELL P2219H;;OK;"Levantamento atual: Escritura / Auxiliar Jhessyca.; Item informado: Monitor 1388.; Nome GLPI: DELL 1388.; Referencia GLPI desatualizada: grupo=Escritura; usuario=-.; Origem GLPI: glpi (9).csv."
Escritura;Auxiliar Jhessyca;1523;Biometria 1523;Biometria;NITGen Co., Ltd;Nitgen FingKey Hamster DX;;OK;"Levantamento atual: Escritura / Auxiliar Jhessyca.; Item informado: Biometria 1523.; Nome GLPI: Leitor Biometrico 1523.; Referencia GLPI desatualizada: grupo=Escritura; usuario=-.; Origem GLPI: glpi (11).csv."
Escritura;Auxiliar Jhessyca;1418;Webcam 1418;Webcam;Logitech, Inc.;C920 PRO HD;;OK;"Levantamento atual: Escritura / Auxiliar Jhessyca.; Item informado: Webcam 1418.; Nome GLPI: WEBCAM 1418.; Referencia GLPI desatualizada: grupo=Escritura; usuario=-.; Origem GLPI: glpi (11).csv."
Escritura;Auxiliar Nilva;1781;Teclado 1781;Teclado;Dell Inc.;DELL - Teclado USB KB-216;;OK;"Levantamento atual: Escritura / Auxiliar Nilva.; Item informado: Teclado 1781.; Nome GLPI: TECLADO 1781.; Referencia GLPI desatualizada: grupo=Escritura; usuario=-.; Origem GLPI: glpi (11).csv."
Escritura;Auxiliar Nilva;1955;Mouse 1955;Mouse;;;;REVISAO;"Levantamento atual: Escritura / Auxiliar Nilva.; Item informado: Mouse 1955.; Nome GLPI: Mouse 1955.; Revisar: patrimonio nao localizado nas planilhas GLPI fornecidas; descricao baseada no levantamento manual."
Escritura;Auxiliar Nilva;1337;Vostro 1337;Desktop;Dell Inc.;Vostro 3470;;OK;"Levantamento atual: Escritura / Auxiliar Nilva.; Item informado: Vostro 1337.; Nome GLPI: PC-1337.; Processador: Intel Core i5-9400 CPU @ 2.90GHz.; Sistema operacional: Microsoft Windows 10 Pro.; Referencia GLPI desatualizada: grupo=Escritura; usuario=-.; Origem GLPI: glpi (8).csv."
Escritura;Auxiliar Nilva;0711;Monitor 0711;Monitor;Dell Inc.;DELL D1901N;;OK;"Levantamento atual: Escritura / Auxiliar Nilva.; Item informado: Monitor 0711.; Nome GLPI: DELL 0711.; Referencia GLPI desatualizada: grupo=Escritura; usuario=-.; Origem GLPI: glpi (9).csv."
Escritura;Auxiliar Nilva;;Webcam sem patrimonio;;;;;REVISAO;Sem numero de patrimonio informado
Escritura;Auxiliar Nilva;1379;Biometria 1379;Biometria;NITGen Co., Ltd;Nitgen FingKey Hamster DX;;OK;"Levantamento atual: Escritura / Auxiliar Nilva.; Item informado: Biometria 1379.; Nome GLPI: Leitor Biometrico 1379.; Referencia GLPI desatualizada: grupo=Escritura; usuario=-.; Origem GLPI: glpi (11).csv."
Escritura;Auxiliar Nilva;1381;Monitor 1381;Monitor;Dell Inc.;DELL P2219H;;OK;"Levantamento atual: Escritura / Auxiliar Nilva.; Item informado: Monitor 1381.; Nome GLPI: DELL 1381.; Referencia GLPI desatualizada: grupo=Escritura; usuario=-.; Origem GLPI: glpi (9).csv."
Escritura;Nilva;0167;Teclado 0167;Teclado;Dell Inc.;DELL - Teclado USB SK-8115;;OK;"Levantamento atual: Escritura / Nilva.; Item informado: Teclado 0167.; Nome GLPI: TECLADO 0167.; Referencia GLPI desatualizada: grupo=Caixa 4; usuario=-.; Origem GLPI: glpi (11).csv."
Escritura;Nilva;;Mouse sem patrimonio;;;;;REVISAO;Sem numero de patrimonio informado
Escritura;Nilva;0864;Biometria 0864;Biometria;;;;REVISAO;"Levantamento atual: Escritura / Nilva.; Item informado: Biometria 0864.; Nome GLPI: Biometria 0864.; Revisar: patrimonio nao localizado nas planilhas GLPI fornecidas; descricao baseada no levantamento manual."
Escritura;Nilva;1436;Optiplex 1436;Desktop;Dell Inc.;OptiPlex 3080;;OK;"Levantamento atual: Escritura / Nilva.; Item informado: Optiplex 1436.; Nome GLPI: PC-1436.; Processador: Intel Core i5-10500T CPU @ 2.30GHz.; Sistema operacional: Microsoft Windows 10 Pro.; Referencia GLPI desatualizada: grupo=Escritura; usuario=-.; Origem GLPI: glpi (8).csv."
Escritura;Nilva;1399;Monitor 1399;Monitor;Dell Inc.;DELL SE2216H;;OK;"Levantamento atual: Escritura / Nilva.; Item informado: Monitor 1399.; Nome GLPI: DELL 1399.; Referencia GLPI desatualizada: grupo=Escritura; usuario=-.; Origem GLPI: glpi (9).csv."
